Keyword,Origin
1 mit opencourseware,existing searches
5 day generative ai course google,new
academy lms course content ai generator addon,new
admissions mit edu,existing searches
adobe generative ai content creation course,new
adobe generative ai course,new
advanced generative ai course,new
advanced generative ai courses,new
agentic ai course mit,existing searches
ai,existing searches
ai and career empowerment university of maryland,existing searches
ai and generative ai course,new
ai and machine learning courses,existing searches
ai animation generator course,new
ai animation video generator course,new
ai art generation course,new
ai art generator course,new
ai article generator,existing searches
ai automation course,existing searches
ai boot camp,existing searches
ai bootcamp,existing searches
ai bootcamp for beginners,existing searches
ai bootcamp stanford,existing searches
ai camp,existing searches
ai career essentials,existing searches
ai certificate,existing searches
ai certificate course,existing searches
ai certificate programs,existing
ai certification,existing searches
ai certification classes,existing
ai certification cost,existing
ai certification courses,existing
ai certification mit,existing
ai certifications mit,existing searches
ai class,existing
ai classes near me,existing searches
ai classes nyc,existing searches
ai code generator,existing searches
ai content generation course,new
ai content generation marketing course,new
ai course,existing searches
ai course content generator,new
ai course curriculum generator,new
ai course description generator,new
ai course for business leaders,existing
ai course generation,new
ai course generator,new
ai course generator free,new
ai course generator free pdf,new
ai course generator github,new
ai course generator online,new
ai course generator tool,new
ai course generators translation and localization,new
ai course google,existing searches
ai course harvard,existing searches
ai course mit,existing searches
ai course name generator,new
ai course online,existing searches
ai course outline generator,new
ai course script generator,new
ai course title generator,new
ai course video generator,new
ai courses,existing searches
ai courses dubai,existing searches
ai courses for engineers,existing searches
ai courses for executives,existing
ai courses for hr professionals free,existing searches
ai courses from mit,existing searches
ai courses generator,new
ai courses in canada online,existing searches
ai courses in egypt,existing searches
ai courses mit,existing searches
ai courses near me,existing
ai courses online free,existing searches
ai courses south africa,existing searches
ai courses stanford,existing searches
ai courses with certificate,existing searches
ai degree programs,existing searches
ai diploma,existing
ai engineer certification,existing searches
ai engineer pack,existing searches
ai executive education,existing
ai for architecture course,existing searches
ai for business,existing
ai for business leaders,existing
ai for engineering,existing
ai for engineers,existing
ai for enterprise,existing
ai for everyone,existing searches
ai for everyone coursera,existing searches
ai for executives,existing
ai for executives course,existing
ai for managers course,existing
ai for product managers,existing
ai generate course,new
ai generated course,new
ai generated courses,existing
ai generated courses free,new
ai generated interactive courses,new
ai generated online course site,new
ai generated online courses,new
ai generation course,new
ai generation courses,new
ai generative content microsoft course,new
ai generative course,new
ai generative course free,new
ai generative course google,new
ai generative courses,new
ai generative engine optimization course,new
ai generator course,new
ai graphic design course,existing
ai harvard course,existing searches
ai image generation course,new
ai image generation course online,new
ai image generation courses,new
ai image generator course,new
ai image generator course free,new
ai in tourism education courses generative ai tourism,new
ai innovation course,existing
ai language course generator,new
ai lead generation course,new
ai learning,existing searches
ai learning course,existing
ai learning courses,existing searches
ai learning programs,existing searches
ai marketing course,existing searches
ai masters in usa,existing searches
ai mba,existing searches
ai meta ai,existing searches
ai mini course generator,new
ai mit course,existing searches
ai ml courses,existing searches
ai online course generator,new
ai online courses,existing
ai powered course generators,new
ai professional certificate,existing searches
ai project management course,existing searches
ai prompt engineer,existing searches
ai prompt engineer certification,existing searches
ai prompt engineering,existing searches
ai prompt engineering course,existing
ai prompt generator course,new
ai python for beginners deeplearning ai,existing searches
ai ready prompt,existing searches
ai related certifications,existing
ai short course,existing
ai software for animation video,existing searches
ai stanford,existing searches
ai storebuilder com,existing searches
ai strategy certificate,existing searches
ai strategy course,existing
ai studio,existing searches
ai systems for automatic welcome course generation,new
ai systems refine customize generated courses editing tools,new
ai tools for generating course content instructional design,new
ai training,existing searches
ai training course generator,new
ai training for engineers,existing searches
ai training for executives,existing searches
ai training mit,existing searches
ai upskilling programs,existing
ai valley ai,existing searches
ai video course generator,new
ai video course generator free,new
ai video generation course,new
ai video generation course free,new
ai video generation course online,new
ai video generation courses,new
ai video generation courses online,new
ai video generator course,new
ai video generator course free,new
ai video generator course free download,new
ai video generator course online,new
ai video generator course with certificate,new
ai video generator for online courses,new
ai website builder with source code,existing searches
ai2 appinventor mit edu,existing searches
aice ai career essentials,existing searches
aistudio google com,existing searches
aiu university,existing searches
amazon courses generative ai,new
amazon free courses generative ai,new
amazon free generative ai course,new
amazon generative ai course,new
amazon generative ai course cost,new
amazon generative ai courses,new
amazon machine learning summer school,existing searches
amazon offering courses generative ai,new
amplify your communication skills with generative ai course,new
amplify your personal brand with generative ai course,new
analytics vidhya generative ai course,new
analytics vidhya generative ai course review,new
andrea deeplearning ai generative models course,new
andrew ng course on generative ai,new
andrew ng generative ai course,new
app ai,existing searches
app inventor mit,existing searches
appinventor mit edu,existing searches
applied data science program leveraging ai for effective decision making,existing searches
applied gen ai for digital transformation mit,existing
applied generative ai course,new
applied generative ai course for digital transformation,new
applied generative ai course free,new
applied generative ai course online,new
applied generative ai course pdf,new
applied generative ai for digital transformation,existing searches
applied generative ai for digital transformation course,new
applied generative ai for digital transformation mit,existing searches
applied generative ai free course,new
applied generative ai specialization course,new
applied generative ai specialization courses,new
apply for mit,existing searches
apply to mit,existing searches
are there any ai courses specifically focused on generative ai,new
are there any ai courses that focus on generative ai,new
artificial general intelligence,existing searches
artificial intelligence,existing searches
artificial intelligence bootcamp online,existing
artificial intelligence certification,existing
artificial intelligence certification mit,existing
artificial intelligence course,existing
artificial intelligence course fees,existing searches
artificial intelligence course syllabus,existing searches
artificial intelligence courses,existing searches
artificial intelligence for engineering,existing
artificial intelligence for engineers,existing
artificial intelligence for enterprise,existing
artificial intelligence for leadership,existing
artificial intelligence harvard university,existing searches
artificial intelligence implications for business strategy,existing searches
artificial intelligence in business harvard,existing searches
artificial intelligence in real estate,existing searches
artificial intelligence master online,existing
artificial intelligence master's degree online,existing
artificial intelligence ms in usa,existing
artificial intelligence online program,existing
artificial intelligence short course online,existing
artificial intelligence short courses,existing searches
artificial intelligence specialist certification,existing
artificial intelligence stanford online,existing
artificial intelligence summer course,existing
artificial intelligence training,existing
artificial intelligence workshop,existing
autocoder ai,existing searches
aws ai and scholarship program,existing searches
aws generative ai course,new
aws generative ai course cost,new
aws generative ai course free,new
aws generative ai course pdf,new
aws generative ai courses,new
aws generative ai courses for beginners,new
aws generative ai essentials course,new
azure generative ai course,new
azure generative ai course cost,new
azure generative ai course free download,new
azure generative ai course pdf,new
azure openai generative ai ameerpet hyderabad course,new
based labs ai,existing searches
berkeley generative ai course,new
best ai certification,existing
best ai certifications 2024,existing
best ai classes online,existing
best ai course generator,new
best ai course generator free,new
best ai courses,existing
best ai courses 2025,existing
best ai courses and certifications,existing searches
best ai courses for business leaders,existing searches
best ai learning course,existing
best ai ml courses for working professionals,existing
best ai video generator course,new
best applied generative ai course,new
best applied generative ai course for career growth,new
best applied generative ai course for working professionals,new
best applied generative ai course in us,new
best applied generative ai course online,new
best applied generative ai courses for career growth 2025,new
best book on generative ai,existing searches
best certification courses for generative ai,new
best course ai generator online,new
best course for artificial intelligence,existing
best course for generative ai,new
best course in generative ai,new
best course on artificial intelligence,existing
best course on generative ai,existing
best course to learn generative ai,new
best courses for generative ai,new
best courses for learning generative ai,new
best courses generative ai 2025,new
best courses in generative ai,new
best courses on artificial intelligence,existing
best courses on generative ai,existing
best courses to learn generative ai,new
best data analytics and generative ai course,new
best data analytics and generative ai course for career growth,new
best data analytics and generative ai course for working professionals,new
best data analytics and generative ai course in us,new
best data analytics and generative ai course online,new
best data science and generative ai course,new
best free ai course generator,new
best free course on generative ai,new
best free generative ai course,new
best free generative ai courses,new
best free generative ai courses online,new
best generative ai and machine learning course in us,new
best generative ai certification course,new
best generative ai certification courses,new
best generative ai course,existing
best generative ai course coursera,new
best generative ai course for beginners,new
best generative ai course for beginners online,new
best generative ai course for designers,new
best generative ai course for developers,new
best generative ai course for product managers,new
best generative ai course for project managers,new
best generative ai course free,new
best generative ai course free microsoft,new
best generative ai course free pdf,new
best generative ai course google,new
best generative ai course in india,new
best generative ai course in the world,new
best generative ai course microsoft,new
best generative ai course on udemy,new
best generative ai course online,new
best generative ai course online certificate,new
best generative ai course online for beginners,new
best generative ai course pdf,new
best generative ai courses,existing
best generative ai courses 2024,new
best generative ai courses 2024 2025,new
best generative ai courses 2025,new
best generative ai courses 2025 online,new
best generative ai courses beginners 2025,new
best generative ai courses coursera,new
best generative ai courses for beginners,new
best generative ai courses for beginners online,new
best generative ai courses for career growth,new
best generative ai courses for career growth 2025,new
best generative ai courses for executives,new
best generative ai courses for product managers,new
best generative ai courses for working professionals 2025,new
best generative ai courses free,new
best generative ai courses free pdf,new
best generative ai courses google,new
best generative ai courses in india,new
best generative ai courses in the us 2025,new
best generative ai courses in us,new
best generative ai courses in usa,new
best generative ai courses microsoft,new
best generative ai courses on coursera,new
best generative ai courses on udemy,new
best generative ai courses online,new
best generative ai courses online 2024,new
best generative ai courses online 2025,new
best generative ai courses online for beginners,new
best generative ai courses online free,new
best generative ai courses udemy,new
best generative ai courses udemy 2025,new
best generative ai data analytics course,new
best generative ai for developers course,new
best generative ai for finance course,new
best generative ai for marketing course,new
best generative ai for software development course,new
best generative ai learning course,new
best generative ai learning courses,new
best generative ai online course 2025,new
best generative ai online courses,new
best generative ai online courses 2025,new
best generative ai prompt engineering course,new
best generative ai udemy course 2025,new
best introduction to artificial intelligence,existing
best microsoft generative ai course github,new
best online course for generative ai,new
best online course on generative ai,new
best online courses for generative ai,new
best online courses for generative ai 2025,new
best online courses for learning generative ai,existing
best online courses for learning generative ai 2025,new
best online courses generative ai career,new
best online courses on generative ai,new
best online generative ai course,new
best online generative ai courses,new
best paid generative ai courses,new
best paid generative ai courses 2025,new
best place to study artificial intelligence,existing
best platforms for generative ai courses 2025,new
best prompting courses,existing
best udemy courses for generative ai,new
best universities for generative ai courses 2025,new
bit ly deeplearning syllabus,existing searches
blackbox ai,existing searches
books on generative ai,existing searches
bootcamp ai,existing
break through tech ai ucla,existing searches
buffalo ai,existing searches
build power apps with generative ai courses,new
buildyourfuture withgoogle com,existing searches
business ai,existing searches
caltech generative ai course,new
caltech online masters,existing searches
career 247 generative ai course fee,new
certificate course in generative ai,new
certification courses on generative ai,new
certification for artificial intelligence,existing
certification in machine learning and ai,existing
certified artificial intelligence professional,existing searches
certified associate generative ai llms course by nvidia,new
charlene li generative ai and workplace transformation course,new
chat gpt api course,existing searches
chatgpt and generative ai course in malayalam,new
chatgpt prompt engineering for developers,existing searches
claude ai,existing searches
cmu generative ai course,new
co storm stanford university,existing searches
code ai,existing searches
complete generative ai course,new
complete generative ai course with langchain and huggingface,new
complete generative ai course with langchain and huggingface free,new
complete generative ai course with langchain and huggingface free download,new
complete generative ai course with langchain and huggingface krish naik,new
complete generative ai course with langchain and huggingface torrent,new
complete generative ai course with langchain and huggingface udemy,new
computational thinking using python mit,existing searches
computer science courses stanford,existing searches
computer vision generative ai course,new
controllable video generation,existing
cornell ai,existing searches
cornell ai course,existing searches
cornell generative ai certificate,existing searches
cornell generative ai course,new
course ai,existing searches
course ai generator,new
course ai generator free,new
course ai generator online,new
course box,existing searches
course certificate for generative ai with large language models,new
course deep learning specialization,existing searches
course for generative ai,new
course generative ai,existing
course generator ai,existing
course generator ai free,new
course generator ai online,new
course hero ai generator,new
course in generative ai,existing
course on ai video generation,new
course on generative ai,existing
course on machine learning and artificial intelligence,existing
courseau ai course generator,new
coursebox ai,existing searches
coursera courses generative ai,new
coursera courses on generative ai,new
coursera deeplearning ai courses,existing searches
coursera duke university,existing searches
coursera free generative ai course,new
coursera generative ai,existing
coursera generative ai course,new
coursera generative ai courses,new
coursera generative ai for everyone course,new
coursera generative ai free course,new
coursera ibm generative ai course,new
coursera llm course,existing searches
courses about ai,existing
courses for generative ai,new
courses generative ai,new
courses in generative ai,existing
courses nvidia generative ai,new
courses on ai and generative ai,new
courses on artificial intelligence,existing
courses on generative ai,existing
courses that teach ai for sales and lead generation,new
coursiv ai,existing searches
crash course in ai art generation,new
create compliance courses using generative ai,new
create course content with ai,existing searches
create medical compliance courses using generative ai,new
create stunning ai art,existing searches
cs229 machine learning stanford university,existing searches
cs50 course harvard,existing searches
cs50 harvard,existing searches
cs50 harvard via edx,existing searches
cs50's introduction to artificial intelligence with python by harvard university,existing searches
cs50's introduction to artificial intelligence with python harvard,existing searches
cs50's introduction to artificial intelligence with python harvard edx,existing searches
curso de ia gratuito harvard,existing searches
curso de inteligencia artificial,existing searches
cursos de ia google,existing searches
cursos del mit,existing searches
cursos gratuitos do mit,existing searches
cursos gratuitos mit,existing searches
cursos gratuitos online mit,existing searches
cursos inteligencia artificial,existing searches
d id,existing searches
data analytics and generative ai course,new
data analytics course with generative ai,new
data analytics with generative ai course,new
data science and ai course in germany,existing searches
data science and generative ai course,new
data science with generative ai course,new
data science with generative ai course fees,new
data science with generative ai course free download,new
data science with generative ai course hyderabad,new
data science with generative ai course pw,new
data science with generative ai course salary,new
databricks generative ai course,new
databricks generative ai engineering course,new
databricks generative ai fundamentals course,new
datacamp generative ai course,new
deep learning ai,existing searches
deep learning ai andrew ng,existing searches
deep learning ai com,existing searches
deep learning ai courses,existing searches
deep learning ai generative ai courses,new
deep learning ai stanford,existing searches
deep learning generative ai course,new
deep learning online course,existing searches
deepbrain,existing searches
deepbrain ai,existing searches
deeplearning ai,existing searches
deeplearning ai andrew ng,existing searches
deeplearning ai certification,existing searches
deeplearning ai coursera,existing searches
deeplearning ai courses,existing searches
deeplearning ai generative ai course,new
deeplearning ai login,existing searches
deeplearning ai openai course,existing searches
deeplearning specialization,existing searches
design thinking mit,existing searches
designing ai products and services,existing
designing and building ai products and services,existing
designing and building ai products and services mit,existing searches
developing generative ai applications on aws course,new
diffusion generative ai course,new
diploma in artificial intelligence,existing
diplome mit,existing searches
doctrina ai,existing searches
domo ai,existing searches
download ethics in the age of generative ai course,new
download generative ai in hr course,new
download get ready for generative ai course,new
download linkedin amplify your personal brand with generative ai course,new
download linkedin discover the possibilities of generative ai course,new
download linkedin integrating generative ai into the creative process course,new
download linkedin introduction to prompt engineering for generative ai course,new
download linkedin using generative ai ethically at work course,new
download linkedin weekly generative ai tool series course,new
download rapid idea generation using ai course,new
download using generative ai ethically at work course,new
drawing ai,existing searches
driving innovation with ai,existing
driving innovation with ai mit xpro,existing
driving innovation with generative ai,existing searches
driving innovation with generative ai mit,existing
driving innovation with generative ai mit xpro,existing searches
ecoders course,existing searches
edureka generative ai course review,new
edx,existing searches
edx ai harvard,existing searches
edx courses,existing searches
edx cs50,existing searches
edx harvard,existing searches
edx harvard courses,existing searches
edx harvard cs50,existing searches
edx mit,existing searches
edx online courses harvard,existing searches
elements of ai university of helsinki,existing searches
elementsofai,existing searches
elevate your business branding with generative ai course,new
emergent ai,existing searches
enhancing excel with generative ai tools course,new
enhancing excel with generative ai tools online course,new
ethics in the age of generative ai course,new
ethics in the age of generative ai online course,new
executive education ai,existing
fast ai course,existing searches
favird,existing searches
feree ai course generator,new
formation gratuite ia generative,existing searches
forms saylani mit com,existing searches
foundational generative ai course id 80302,new
free 5 day generative ai course by google,new
free ai course content generator,new
free ai course generator,new
free ai course generator online,new
free ai course generator with certificate,new
free ai generative course,new
free ai generative prompt writing courses online no fees,new
free ai video generation course,new
free ai video generator course,new
free certification courses generative ai,new
free certification courses on generative ai,new
free course ai video generation,new
free course generative ai,new
free course generator ai,new
free course on generative ai,new
free courses ai video generation,new
free courses for generative ai,new
free courses generative ai,new
free courses in generative ai,new
free courses mit university,existing searches
free courses on generative ai,new
free generative ai certification course,new
free generative ai course,new
free generative ai course by microsoft,new
free generative ai course google,new
free generative ai course with certificate,new
free generative ai course with certificate online,new
free generative ai courses,new
free generative ai courses by google,new
free generative ai courses google,new
free generative ai courses with certificates,new
free generative ai prompt engineering course,new
free google courses on generative ai,new
free google generative ai course,new
free microsoft generative ai course,new
free online course on generative ai,new
free online courses generative ai,new
free online courses on generative ai,new
free online generative ai courses,new
futureskills prime in course yuva ai for all,existing searches
gcp generative ai course,new
gemini certified educator,existing searches
gen ai certification,existing searches
gen ai certification for project managers,existing searches
gen ai course,existing searches
gen ai courses,existing
gen ai mit,existing searches
genai bootcamp,existing searches
genai certification,existing searches
genai courses,existing searches
genai for digital transformation,existing
genai training,existing searches
generate ai course,new
generate ai free course with certificate,new
generate course with ai,new
generate courses using ai,new
generate courses with ai,new
generated,existing searches
generated ai course,new
generating ai course,new
generation ai course,new
generation ai course with realworld project,new
generative adversarial network course,existing searches
generative ai,existing searches
generative ai 101 learning course,new
generative ai advanced course,new
generative ai agent course,new
generative ai agents course,new
generative ai ameerpet course,new
generative ai ameerpet hyderabad course,new
generative ai and agentic ai course,new
generative ai and agentic ai courses,new
generative ai and llm course,new
generative ai and machine learning course,new
generative ai and ml course,new
generative ai and prompt engineering course,new
generative ai and workplace transformation course,new
generative ai applications course,new
generative ai architect course,new
generative ai at sap course,new
generative ai at sap course assignment answers,new
generative ai automation course,new
generative ai aws course,new
generative ai basic course,new
generative ai beginner course,new
generative ai beginner course free,new
generative ai best course,new
generative ai best courses,new
generative ai bootcamp course in mumbai,new
generative ai by google course,new
generative ai certificate course,existing
generative ai certificate program,existing
generative ai certificates,existing searches
generative ai certification,existing
generative ai certification course,new
generative ai certification courses,new
generative ai certification online,existing
generative ai chatgpt course,new
generative ai classes,existing searches
generative ai complete course,new
generative ai content creation course,new
generative ai course,existing
generative ai course 2025,new
generative ai course and certification,new
generative ai course andrew ng,new
generative ai course answers,new
generative ai course aws,new
generative ai course azure,new
generative ai course azure free,new
generative ai course azure online,new
generative ai course azure pdf,new
generative ai course bangalore,new
generative ai course benefits,new
generative ai course by google,new
generative ai course by google cloud,new
generative ai course by microsoft,new
generative ai course by microsoft pdf,new
generative ai course by nvidia,new
generative ai course certificate,new
generative ai course certificate free,new
generative ai course certification,new
generative ai course content,new
generative ai course coursera,new
generative ai course curriculum,new
generative ai course deep learning,new
generative ai course details,new
generative ai course eligibility,new
generative ai course fees,new
generative ai course fees in india,new
generative ai course for beginners,new
generative ai course for beginners online,new
generative ai course for business analyst,new
generative ai course for business leaders,existing
generative ai course for designers,new
generative ai course for developers,new
generative ai course for digital marketing,new
generative ai course for executives,new
generative ai course for free,new
generative ai course for hr,new
generative ai course for java developers,new
generative ai course for kids,new
generative ai course for lawyers,new
generative ai course for leaders,new
generative ai course for managers,new
generative ai course for non it background,new
generative ai course for non technical,new
generative ai course for product managers,new
generative ai course for project managers,new
generative ai course for testers,new
generative ai course free,new
generative ai course free by google,new
generative ai course free google,new
generative ai course free microsoft,new
generative ai course free microsoft download,new
generative ai course free online,new
generative ai course free with certificate,new
generative ai course free with certificate by google,existing searches
generative ai course free with certificate online,new
generative ai course from google,new
generative ai course google,new
generative ai course google cloud,new
generative ai course google free,new
generative ai course great learning,new
generative ai course harvard,existing searches
generative ai course hyderabad,new
generative ai course ibm,new
generative ai course iit,new
generative ai course iit madras,new
generative ai course in ameerpet hyderabad,new
generative ai course in bangalore,new
generative ai course in chennai,new
generative ai course in coursera,new
generative ai course in hindi,new
generative ai course in hyderabad,new
generative ai course in india,new
generative ai course in mumbai,new
generative ai course in pune,new
generative ai course in singapore,new
generative ai course in software testing and documentation,new
generative ai course in udemy,new
generative ai course india,new
generative ai course linkedin,new
generative ai course london,new
generative ai course microsoft,new
generative ai course microsoft pdf,new
generative ai course mit,existing
generative ai course mit review,new
generative ai course model building deployment,new
generative ai course modules,new
generative ai course near me,new
generative ai course nptel,new
generative ai course nvidia,new
generative ai course nvidia online,new
generative ai course online,existing
generative ai course online free,new
generative ai course online india,new
generative ai course online with certificate,new
generative ai course outline,new
generative ai course overview,new
generative ai course pdf,new
generative ai course prerequisites,new
generative ai course price,new
generative ai course questions and answers,new
generative ai course roadmap,new
generative ai course session hyderabad,new
generative ai course simplilearn,new
generative ai course singapore,new
generative ai course singapore online,new
generative ai course skillsfuture,new
generative ai course stanford,existing
generative ai course structure,new
generative ai course syllabus,new
generative ai course syllabus pdf,new
generative ai course topics,new
generative ai course udemy,new
generative ai course uk,new
generative ai course university,existing searches
generative ai course usa,existing
generative ai course with certificate,new
generative ai course with certificate free,new
generative ai course with certification,new
generative ai course with job guarantee,new
generative ai course with langchain and hugging,new
generative ai course with placement,new
generative ai course with projects,new
generative ai coursera course,new
generative ai courses,existing
generative ai courses 2025,new
generative ai courses and certifications,new
generative ai courses andrew ng,new
generative ai courses by amazon,new
generative ai courses by google,new
generative ai courses coursera,new
generative ai courses edx reviews,new
generative ai courses for beginners,new
generative ai courses for business leaders,new
generative ai courses for developers,new
generative ai courses for managers,new
generative ai courses for marketing professionals,new
generative ai courses for product managers,new
generative ai courses for project managers,new
generative ai courses for teachers,new
generative ai courses free,new
generative ai courses free with certificate,new
generative ai courses google,new
generative ai courses google certification,new
generative ai courses hyderabad,new
generative ai courses in bangalore,new
generative ai courses in hyderabad,new
generative ai courses in india,new
generative ai courses india,new
generative ai courses london,new
generative ai courses microsoft,new
generative ai courses microsoft online,new
generative ai courses near me,new
generative ai courses online,existing
generative ai courses online for beginners,new
generative ai courses see notes,new
generative ai courses singapore,new
generative ai courses udemy,new
generative ai courses with certification,new
generative ai crash course,existing
generative ai cybersecurity course,new
generative ai cybersecurity course online,new
generative ai data analytics course,new
generative ai data analytics course free,new
generative ai data analytics course online,new
generative ai design course,new
generative ai developer course,new
generative ai development course,new
generative ai engineer course,new
generative ai engineering course,new
generative ai engineering with databricks course,new
generative ai executive course,new
generative ai explained nvidia course,new
generative ai explained nvidia course answers,new
generative ai explained nvidia free course,new
generative ai finance course,new
generative ai for agile leaders course,new
generative ai for agile leaders course training,new
generative ai for art course,new
generative ai for beginners course,new
generative ai for beginners free course,new
generative ai for beginners microsoft course,new
generative ai for business,existing
generative ai for business course,new
generative ai for business course online,new
generative ai for business free course,new
generative ai for business leaders course,new
generative ai for business leaders course free,new
generative ai for business leaders course online,new
generative ai for business leaders online course,new
generative ai for business transformation course,new
generative ai for business with msft azure openai program,existing searches
generative ai for creative professionals course,new
generative ai for cybersecurity course,new
generative ai for data analytics course,new
generative ai for data engineering course,new
generative ai for design course,new
generative ai for designers course,new
generative ai for developers course,new
generative ai for devops course,new
generative ai for educators course,new
generative ai for educators with gemini certificate,existing searches
generative ai for everyone course,new
generative ai for everyone free course,new
generative ai for filmmaking course,new
generative ai for finance course,new
generative ai for gaming course,new
generative ai for health courses,new
generative ai for healthcare course,new
generative ai for hr course,new
generative ai for kids course,new
generative ai for leaders certification course,new
generative ai for leaders course,new
generative ai for marketing course,new
generative ai for marketing course free,new
generative ai for marketing course online,new
generative ai for marketing courses,new
generative ai for product managers,existing searches
generative ai for product managers course,new
generative ai for product managers free course,new
generative ai for project managers course,new
generative ai for project managers elearning course,new
generative ai for project managers free course,new
generative ai for sales courses,new
generative ai for scrum master course,new
generative ai for software developers course,new
generative ai for software development course,new
generative ai for software development free course,new
generative ai for software testing course,new
generative ai for software testing course online,new
generative ai for testers course,new
generative ai foundations course,existing
generative ai free certification course,new
generative ai free course,new
generative ai free course by google,new
generative ai free course by microsoft,new
generative ai free course with certificate,new
generative ai free course with certificate by google,new
generative ai free courses,new
generative ai free courses by google,new
generative ai free courses with certificate,new
generative ai free online course,new
generative ai from scratch python course,new
generative ai full course,existing searches
generative ai full course free,new
generative ai full course free with certificate,new
generative ai full course pdf,new
generative ai full course syllabus,new
generative ai fundamentals,existing
generative ai fundamentals by databricks,existing searches
generative ai fundamentals by databricks free course,new
generative ai fundamentals course,existing
generative ai gcp course,new
generative ai google course,new
generative ai google courses,new
generative ai google free course,new
generative ai hands on course,new
generative ai harvard,existing searches
generative ai harvard course,new
generative ai healthcare course,new
generative ai ibm course,new
generative ai in business course,new
generative ai in business course online,new
generative ai in education courses,new
generative ai in finance course,new
generative ai in healthcare courses,new
generative ai in hr certification course,new
generative ai in hr course,new
generative ai in hr course free,new
generative ai in hr free course,new
generative ai in marketing course,new
generative ai in retail certification course,new
generative ai in retail training course,new
generative ai in software testing course,new
generative ai in supply chain course,new
generative ai in supply chain management course,new
generative ai intensive course,new
generative ai leader certification course,new
generative ai leader course,new
generative ai leader google course,new
generative ai leadership course,new
generative ai leadership course google,new
generative ai learning course,new
generative ai learning courses,new
generative ai learning courses online,new
generative ai learning path course,new
generative ai learning path google course,new
generative ai linkedin course,new
generative ai llm course,new
generative ai marketing course,new
generative ai mastermind course,new
generative ai mastery course,new
generative ai microsoft course,new
generative ai microsoft free course,new
generative ai mit,existing searches
generative ai mit course,new
generative ai modeling course,new
generative ai nanodegree,existing searches
generative ai nvidia course,new
generative ai nvidia free course,new
generative ai offline course,new
generative ai on aws course,new
generative ai online course,existing
generative ai online courses,existing
generative ai online program,existing
generative ai online training,existing
generative ai overview for project managers course,new
generative ai photo,existing searches
generative ai product management course,new
generative ai product manager course,new
generative ai productivity hacks with miss excel course,new
generative ai professional course,new
generative ai programming course,new
generative ai projects courses,new
generative ai prompt engineering course,new
generative ai python course,new
generative ai recruiting and talent acquisition course,new
generative ai refresher course,new
generative ai refresher course answers,new
generative ai related certifications and courses,new
generative ai sap course,new
generative ai security course,new
generative ai seo course,new
generative ai short course,new
generative ai short courses,new
generative ai software testing course,new
generative ai specialist course,new
generative ai specialization course,new
generative ai specialization courses,new
generative ai sql analysis course coursera,new
generative ai sql data analysis course,new
generative ai stanford,existing searches
generative ai stanford course,existing
generative ai strategy course,new
generative ai supply chain course,new
generative ai syllabus pdf,existing searches
generative ai testing course,new
generative ai tools certification course,new
generative ai tools course,new
generative ai tools for productivity and research course,new
generative ai tools online course,new
generative ai top courses,new
generative ai training,existing searches
generative ai training course,existing
generative ai training course in hyderabad,new
generative ai training courses,new
generative ai udemy course,new
generative ai university course,new
generative ai with large language models course,new
generative ai with llms course,new
generative ai with llms course by aws and deeplearning ai,new
generative ai with python course,new
generative ai workshop online,existing
generative and agentic ai course,new
generative artificial intelligence,existing searches
generative engine,existing searches
generative engine optimization course,existing searches
generative fill,existing searches
generative storytelling has arrived,existing searches
generative voice ai,existing searches
george mount enhancing excel with generative ai tools course,new
get ready for generative ai course,new
github com microsoft generative ai for beginners,existing searches
good generative ai courses,new
google ai certification,existing searches
google ai course free generative ai,new
google ai course generative,new
google ai courses generative ai,new
google ai essentials,existing searches
google ai generative course,new
google ai generative courses,new
google ai pro student,existing searches
google ai studio,existing searches
google cloud ai generative course,new
google cloud courses generative ai,new
google cloud generative ai course,existing searches
google cloud generative ai course cost,new
google cloud generative ai course online,new
google cloud generative ai for business professionals course,new
google cloud introduction to generative ai course,new
google cloud skill boost generative ai,existing searches
google course for generative ai,new
google course generative ai,new
google course generative ai certification,new
google course introduction to generative ai,new
google course on generative ai,new
google courses generative ai,new
google courses introduction to generative ai,new
google courses on generative ai,new
google crash course on machine learning,existing searches
google free certification courses generative ai,new
google free course introduction to generative ai,new
google free course on generative ai,new
google free courses generative ai,new
google free courses on generative ai,new
google free generative ai certification course,new
google free generative ai course,new
google free generative ai course for beginners,new
google free generative ai courses,new
google generated ai course,new
google generative ai 5 day course,new
google generative ai course,existing
google generative ai course answers,new
google generative ai course bundle,new
google generative ai course certificate,new
google generative ai course certificate cost,new
google generative ai course certificate online,new
google generative ai course coursera,new
google generative ai course free,new
google generative ai course free with certificate,new
google generative ai course learning path,new
google generative ai course learning path free,new
google generative ai course march 31,new
google generative ai course online,new
google generative ai course online free,new
google generative ai course review,new
google generative ai courses,new
google generative ai courses free,new
google generative ai courses online,new
google generative ai free certification course,new
google generative ai free course,new
google generative ai free courses,new
google generative ai leader course,new
google generative ai learning course,new
google generative ai studio course,new
google introduction to generative ai course,new
google just released 10 free courses to master generative ai,new
google launches free generative ai courses,new
google learning path generative ai course free,new
google new generative ai course,new
google studio ai,existing searches
google's bert,existing searches
google's generative ai course,new
google's introduction to generative ai,existing
graduate certificate artificial intelligence,existing
great learning academy,existing searches
great learning generative ai course,new
great learning generative ai course fee,new
great learning generative ai course free download,new
grok 4 ai,existing searches
guide intelligence artificielle,existing searches
hands on machine learning,existing searches
harvard ai certificate,existing
harvard ai course,existing
harvard artificial intelligence,existing searches
harvard business school online ai for leaders,existing searches
harvard computer science courses,existing searches
harvard cs50,existing searches
harvard cs50 edx,existing searches
harvard cs50ai,existing searches
harvard edx,existing searches
harvard generative ai course,new
harvard generative ai free course,new
harvard generative ai online course,new
harvard university via edx,existing searches
harvard's cs50,existing searches
how to become a ai developer,existing searches
how to build a large language model,existing searches
how to build an ai,existing searches
how to choose a generative ai course,new
how to choose an applied generative ai course,new
how to choose the right applied generative ai course,new
how to choose the right generative ai course,new
how to choose the right generative ai courses,new
how to generate course content with ai,new
how to generate prompt,existing searches
how to get admission in mit after 12th from india,existing searches
how to get ai,existing searches
how to learn ai,existing searches
how to learn generative ai,existing searches
how to teach ai to students,existing searches
how to train ai models,existing searches
http ocw mit edu,existing searches
http storm genie stanford edu,existing searches
https ai2 appinventor mit edu,existing searches
https appinventor mit edu,existing searches
https ethics of ai mooc fi,existing searches
https labs openai com,existing searches
https www edx org course introduction computer science harvard cs50,existing searches
https www edx org course introduction computer science harvard cs50x,existing searches
https www mindluster com,existing searches
hugging face ai,existing searches
hugging face generative ai course,new
i need a ai,existing searches
ia,existing searches
ia que gera cursos,existing searches
ia training courses,existing searches
ibm ai course,existing searches
ibm free generative ai course,new
ibm gen ai certificate,existing searches
ibm generative ai course,new
ibm generative ai course free,new
ibm generative ai courses,new
ibm generative ai engineering course,new
ibm generative ai for cybersecurity professionals free courses,new
ibm generative ai free course,new
ibm generative ai prompt engineering basics course,new
iisc generative ai course,new
iit generative ai course,new
iit guwahati generative ai course,new
iit madras generative ai course,new
iit patna generative ai course,new
iit roorkee generative ai course,new
image generator ai course,new
immersity ai,existing searches
ineuron generative ai course,new
integrating generative ai into the creative process course,new
integrating generative ai into the creative process online course,new
inteligencia artificial generativa curso,existing searches
intellipaat generative ai course,new
intro to gen ai,existing searches
intro to generative ai course,new
introduction to artificial intelligence by stanford university,existing searches
introduction to computer science mit,existing searches
introduction to computer science programming in python mit,existing searches
introduction to generative ai,existing
introduction to generative ai course,new
introduction to generative ai course by google,new
introduction to generative ai course by simplilearn,new
introduction to generative ai course google,new
introduction to generative ai free course,new
introduction to generative ai free course with certificate,new
introduction to generative ai fundamental course,new
introduction to generative ai google course,new
introduction to generative ai google course free,new
introduction to generative ai google free course,new
introduction to generative ai with gpt course,new
introduction to machine learning systems mit press,existing searches
introduction to prompt engineering for generative ai 2023 course,new
introduction to prompt engineering for generative ai course,new
introduction to prompt engineering for generative ai online course,new
is google generative ai course worth it,new
is mit application open,existing searches
isb generative ai course,new
isb generative ai course hyderabad,new
japan ai training,existing searches
jhu agentic ai course,existing searches
john hopkins generative ai course,new
johns hopkins generative ai course,new
join the 5 day gen al intensive course with google,existing searches
katrina ingram using generative ai ethically at work course,new
labs google ai,existing searches
labs openai com,existing searches
labs openai com photo,existing searches
labs openai com photo editor,existing searches
large language model course,existing
large language models course,existing searches
learn ai es gratis,existing searches
learn anything faster ai,existing searches
learn artificial intelligence,existing searches
learn essential ai skills,existing searches
learn generative ai course,new
learn generative ai tools,existing
learn how to program ai,existing
learn prompt engineering,existing
learning chatgpt,existing
learning studio ai,existing searches
leverage ai for business,existing
linkedin amplify your personal brand with generative ai course,new
linkedin discover the possibilities of generative ai course,new
linkedin elevate your business branding with generative ai course,new
linkedin generative ai and workplace transformation course,new
linkedin generative ai course,new
linkedin generative ai course answers,new
linkedin generative ai for product managers course,new
linkedin generative ai training course,new
linkedin introduction to prompt engineering for generative ai 2023 course,new
linkedin introduction to prompt engineering for generative ai course,new
linkedin leveraging generative ai for project management course,new
linkedin leveraging generative ai in finance and accounting course,new
linkedin rapid idea generation using ai course,new
linkedin using chatgpt and generative ai in fintech course,new
linkedin weekly generative ai tool series course,new
llm and generative ai course,new
llm generative ai course,new
lms ai course generator basic outline,new
lms ai course generator build content from outline,new
london business school generative ai course,new
lumalabs ai,existing searches
lumen5 ai,existing searches
machine learning and generative ai course,new
machine learning course,existing searches
machine learning course free,existing searches
machine learning crash course,existing searches
machine learning engineer training,existing
machine learning stanford university,existing searches
maestria inteligencia artificial,existing searches
massachusetts institute of technology,existing searches
massachusetts institute of technology application,existing searches
massachusetts institute of technology apply,existing searches
massachusetts institute of technology cambridge,existing searches
massachusetts institute of technology cost,existing searches
massachusetts institute of technology courses,existing searches
massachusetts institute of technology mit,existing searches
massachusetts institute of technology mit admissions,existing searches
massachusetts institute of technology mit usa,existing searches
massachusetts institute of technology mooc,existing searches
massachusetts institute of technology open courseware,existing searches
massachusetts institute of technology usa,existing searches
master generative ai course,new
master in ai,existing searches
master in artificial intelligence,existing searches
master of management in artificial intelligence york university,existing searches
mastering generative ai course,new
mastering generative ai tools course,new
masters in artificial intelligence,existing searches
masters in artificial intelligence and machine learning online,existing searches
masters in machine learning and artificial intelligence,existing searches
masters of ai,existing searches
mba in ai,existing
mba in artificial intelligence,existing searches
mestrado mit,existing searches
michigan university ai course,existing searches
micromasters mit,existing searches
microsoft ai course,existing searches
microsoft ai engineer,existing searches
microsoft ai generative course,new
microsoft and linkedin generative ai free course,new
microsoft announces generative ai skill training course for free,new
microsoft certified azure ai fundamentals,existing searches
microsoft course on generative ai,new
microsoft free generative ai course,new
microsoft generative ai course,new
microsoft generative ai course 18 lessons,new
microsoft generative ai course cost,new
microsoft generative ai course for beginners,new
microsoft generative ai course free,new
microsoft generative ai course free pdf,new
microsoft generative ai course github,new
microsoft generative ai course linkedin,new
microsoft generative ai course online free,new
microsoft generative ai courses,new
microsoft generative ai courses for beginners free,new
microsoft generative ai courses for beginners online,new
microsoft generative ai courses for beginners pdf,new
microsoft generative ai for beginners course content,new
microsoft generative ai for beginners course link,new
microsoft generative ai free course,new
microsoft generative ai free course with certificate,new
microsoft generative ai free course with certificate online,new
microsoft generative ai skill training course,new
microsoft linkedin generative ai course,new
microsoft openai,existing searches
midjourney ai,existing searches
mind blowing ai tools,existing searches
mind luster,existing searches
mind luster com,existing searches
mindluster ai,existing searches
mindluster co,existing searches
mindluster com,existing searches
mini course ai generate and sell one platform,new
mini course generator ai,new
mini course generator with ai assistant,new
mit,existing
mit 6 s087,existing searches
mit 6 s087 foundation models and generative ai,existing searches
mit 6 s191,existing searches
mit 6 week ai course,existing searches
mit admission,existing searches
mit admission website,existing searches
mit admissions,existing searches
mit admissions apply,existing searches
mit admissions portal,existing searches
mit aerospace engineering courses,existing searches
mit ai,existing searches
mit ai and ml course,existing searches
mit ai certificate,existing
mit ai class,existing
mit ai course,existing
mit ai course free,existing searches
mit ai courses,existing
mit ai courses online,existing searches
mit ai education,existing searches
mit ai engineering,existing searches
mit ai phd,existing searches
mit ai professors,existing searches
mit ai program,existing
mit ai summer program,existing searches
mit ai with python,existing searches
mit app,existing searches
mit app inventor,existing searches
mit application,existing searches
mit applied generative ai,existing
mit applied generative ai for digital transformation,existing searches
mit apply portal,existing searches
mit architecture courses online,existing searches
mit artificial intelligence,existing searches
mit artificial intelligence course,existing
mit artificial intelligence courses,existing searches
mit artificial intelligence online course,existing searches
mit beaver works summer institute,existing searches
mit california,existing searches
mit career handbook,existing searches
mit certificate in ai,existing searches
mit certification,existing searches
mit certifications,existing searches
mit college,existing searches
mit com,existing searches
mit computer networks,existing searches
mit computer science,existing searches
mit computer science courses,existing searches
mit cours,existing searches
mit cours gratuit,existing searches
mit course,existing searches
mit course certificate,existing searches
mit course full form,existing searches
mit course generative ai,new
mit courses,existing searches
mit courses free,existing searches
mit courses with certificate,existing searches
mit courseware,existing searches
mit csail,existing searches
mit curso gratis,existing searches
mit curso gratuito,existing searches
mit cursos gratis,existing searches
mit cursos gratuitos,existing searches
mit cursos gratuitos com certificado,existing searches
mit cursos gratuitos online,existing searches
mit cursos online,existing searches
mit cursos online gratuitos,existing searches
mit cyber security course,existing searches
mit data,existing searches
mit data analytics certificate,existing searches
mit deep learning,existing searches
mit diploma courses,existing searches
mit edu,existing searches
mit edu courses,existing searches
mit education,existing searches
mit edx,existing searches
mit eecs,existing searches
mit electrical engineering courses online,existing searches
mit emerging talent program,existing searches
mit entrepreneurship,existing searches
mit entrepreneurship 101,existing searches
mit ethics of ai,existing searches
mit ex,existing searches
mit foundation models and generative ai,existing searches
mit free courses,existing searches
mit free courses with certificate,existing searches
mit free online courses,existing searches
mit gen ai,existing searches
mit gen ai course,existing searches
mit generative ai,existing
mit generative ai certificate,existing
mit generative ai course,existing
mit generative ai course cost,new
mit generative ai course free,new
mit generative ai course pdf,new
mit generative ai course review,new
mit generative ai courses,new
mit gratis,existing searches
mit how to ai anything,existing searches
mit ia generativa,existing searches
mit idss,existing searches
mit idss great learning,existing searches
mit in us,existing searches
mit in usa requirements,existing searches
mit inscription,existing searches
mit internship for international students,existing searches
mit introduction to computer science,existing searches
mit introduction to computer science and programming in python,existing searches
mit introduction to computer science using python,existing searches
mit launchx,existing searches
mit learn,existing searches
mit learning center,existing searches
mit lectures,existing searches
mit lessons,existing searches
mit lms,existing searches
mit master in artificial intelligence,existing searches
mit masters courses,existing searches
mit masters in ai,existing searches
mit mathematics for computer science,existing searches
mit micromasters,existing searches
mit micromasters data science,existing searches
mit mites,existing searches
mit ml course,existing searches
mit mostec,existing searches
mit ocw,existing searches
mit ocw architecture,existing searches
mit official website,existing searches
mit online,existing searches
mit online ai courses,existing searches
mit online course,existing searches
mit online courses,existing searches
mit online courses ai,existing searches
mit online learning,existing searches
mit online science technology and engineering community,existing searches
mit online summer programs,existing searches
mit open,existing searches
mit open course,existing searches
mit open course linear algebra,existing searches
mit open courses,existing searches
mit open learning,existing searches
mit open university,existing searches
mit opencourseware,existing searches
mit opencourseware ai,existing searches
mit opencourseware calculus,existing searches
mit opencourseware classical mechanics,existing searches
mit opencourseware courses,existing searches
mit opencourseware mit ocw,existing searches
mit opencourseware ocw,existing searches
mit opencourseware organic chemistry,existing searches
mit opencourseware probability and statistics,existing searches
mit opencourseware real analysis,existing searches
mit page,existing searches
mit pro,existing searches
mit professional certificate in machine learning and artificial intelligence,existing searches
mit professional development,existing
mit professional education,existing searches
mit professors,existing searches
mit programs,existing searches
mit project,existing searches
mit python,existing searches
mit quantum computing course,existing searches
mit quantum machine learning,existing searches
mit registration,existing searches
mit robotics,existing searches
mit scholarships,existing searches
mit short course ai,existing searches
mit sign up,existing searches
mit site,existing searches
mit sloan ai for business strategy,existing searches
mit sloan fellow program,existing searches
mit student life,existing searches
mit students,existing searches
mit summer program,existing searches
mit summer program application,existing searches
mit summer programme,existing searches
mit summer programs,existing searches
mit summer programs for international students,existing searches
mit summer research program,existing searches
mit summer research program 2026,existing searches
mit summer research program msrp,existing searches
mit summer research programme,existing searches
mit summer school,existing searches
mit system thinking,existing searches
mit technology review,existing searches
mit technology review ai,existing searches
mit university,existing searches
mit university bachelor programs,existing searches
mit university certificate,existing searches
mit university certificate programs,existing searches
mit university courses,existing searches
mit university courses offered,existing searches
mit university exam,existing searches
mit university free courses,existing searches
mit university free online courses,existing searches
mit university official website,existing searches
mit university online courses,existing searches
mit university open course,existing searches
mit university registration,existing searches
mit university research,existing searches
mit university usa,existing searches
mit university usa courses,existing searches
mit university website,existing searches
mit usa admission form,existing searches
mit women technology program,existing searches
mit women's technology program,existing searches
mit xpro,existing searches
mit xpro ai,existing
mit xpro ai course,existing
mit xpro ai strategy and leadership program,existing searches
mit xpro courses,existing searches
mit xpro designing and building ai products and services,existing
mit xpro driving innovation with generative ai,existing searches
mit xpro generative ai,existing searches
mit xpro programs,existing searches
mit xpro systems thinking,existing searches
mites mit,existing searches
mitlearn,existing searches
mitx,existing
mitx micromasters,existing searches
mitx online,existing searches
mitx pro,existing searches
morgan young amplify your personal brand with generative ai course,new
most popular generative ai courses 2025,new
mouredev link google santander,existing searches
mti generative ai course,new
mygreatlearning,existing searches
next generation ai creative studio,existing searches
nlp llm course,existing searches
no code ai and machine learning building data science solutions,existing
no code ai and machine learning course,existing searches
northeastern university artificial intelligence,existing
nvidia ai,existing searches
nvidia ai course,existing searches
nvidia ai generative course,new
nvidia course generative ai,new
nvidia courses ai,existing searches
nvidia courses generative ai,new
nvidia deep learning institute dli,existing searches
nvidia deep learning institute generative ai courses,new
nvidia deep learning institute generative ai courses 2025,new
nvidia free ai courses generative ai,new
nvidia free courses generative ai,new
nvidia free generative ai course,new
nvidia generative ai course,new
nvidia generative ai course certificate,new
nvidia generative ai course free,new
nvidia generative ai courses,new
nvidia generative ai explained course,new
nvidia generative ai explained course answers,new
nvidia generative ai free course,new
oci 2024 generative ai professional certification and course,new
oci generative ai course,new
oci generative ai professional course,new
ocw mit,existing searches
ocw mit edu,existing searches
ocw mit edu courses,existing searches
offering courses generative ai,new
offering free courses generative ai,new
one million prompters program,existing searches
one million prompters program dubai,existing searches
online ai and ml courses,existing
online ai certificate programs,existing searches
online ai courses,existing searches
online ai training courses,existing
online artificial intelligence degree,existing
online course ai video generation,new
online course generative ai,existing
online course generator ai free,new
online course on generative ai,new
online courses for generative ai,new
online courses generative ai,new
online courses on generative ai,existing searches
online discover the possibilities of generative ai course,new
online enhancing excel with generative ai tools course,new
online ethics in the age of generative ai course,new
online generative ai course,existing
online generative ai courses,new
online generative ai courses universities,new
online generative ai for business leaders course,new
online integrating generative ai into the creative process course,new
online introduction to prompt engineering for generative ai course,new
online master in artificial intelligence,existing searches
online using generative ai ethically at work course,new
online weekly generative ai tool series course,new
open ai generative ai course,new
open courses mit,existing searches
open educational resources mit,existing searches
openai academy,existing searches
openai generative ai course,new
openai gpt,existing searches
openai residency program,existing searches
opencourseware,existing searches
opencourseware mit,existing searches
oracle generative ai course,new
ossa ai,existing searches
outlier ai,existing searches
oxford ai courses,existing searches
oxford generative ai course,new
pitori dot ai,existing searches
pmi generative ai course,new
pmi generative ai course cost,new
pmi generative ai course duration,new
pmi generative ai overview for project managers course,new
post graduate artificial intelligence,existing searches
practical application tips for generative ai with comfyui course,new
practical generative ai courses,new
pro ai tools,existing searches
professional ai certificate,existing
professional certificate course in data analytics and generative ai,new
professional certificate course in generative ai and machine learning,new
professional certificate in ai,existing
professional certificate program in machine learning and artificial intelligence,existing
prompt engineering,existing searches
prompt engineering by andrew ng,existing searches
prompt engineering certification,existing searches
prompt engineering course,existing
prompt engineering course by andrew ng,existing searches
prompt engineering course for generative ai,existing searches
prompt engineering course with generative ai,new
prompting engineering course,existing searches
purdue generative ai course,new
purdue generative ai course review,new
python and ai course,existing
python and generative ai beginner's course,new
python for generative ai course,new
python generative ai course,new
python mit,existing searches
ready ai,existing searches
regenerative ai,existing searches
remotasks ai training,existing searches
ronnie sheer introduction to prompt engineering for generative ai course,new
runway gen,existing searches
runway ml ai,existing searches
runway ml gen 2,existing searches
sap generative ai course,new
sap generative ai course cost,new
servicenow generative ai course,new
short term courses in artificial intelligence,existing searches
simplilearn applied generative ai course,new
simplilearn generative ai course,new
simplilearn generative ai course review,new
simplilearn generative ai free course,new
site mit,existing searches
skills google gen ai course,existing searches
skillshop withgoogle com,existing searches
smu generative ai course,new
snowflake generative ai course,new
stanford agentic ai course,existing
stanford ai,existing searches
stanford ai certificate,existing
stanford ai course,existing
stanford ai course online,existing searches
stanford ai courses,existing
stanford ai for all,existing searches
stanford ai ml,existing searches
stanford ai ml certificate,existing searches
stanford ai professional program,existing
stanford ai program,existing searches
stanford ai scholars,existing searches
stanford ai4all,existing searches
stanford cs 229,existing searches
stanford cs229,existing searches
stanford cs231n deep learning for computer vision,existing searches
stanford generative ai,existing searches
stanford generative ai course,existing
stanford generative ai free course,new
stanford introduction to ai,existing searches
stanford llm course,existing searches
stanford machine learning by andrew ng,existing searches
stanford machine learning course,existing searches
stanford online artificial intelligence course,existing
stanford university ai course,existing searches
stanford university cs229,existing searches
stanford university deep learning course,existing searches
stanford university graduate certificate in artificial intelligence,existing searches
stanford university ia,existing searches
stanford university machine learning course,existing searches
stanford university nlp course,existing searches
startup school by google,existing searches
teaching with generative ai in higher education course,new
tech skills to learn,existing searches
the ai awakening stanford,existing searches
the ai creator course,existing searches
the simple macroeconomics of ai,existing searches
there an ai for that,existing searches
this lab may incorporate ai tools to support your learning,existing searches
tixu ai,existing searches
to each ai,existing searches
top ai courses,existing searches
top applied generative ai course,new
top applied generative ai course in india,new
top applied generative ai course in us,new
top applied generative ai course online,new
top artificial intelligence certification,existing
top courses for generative ai,new
top courses on generative ai,new
top data analytics and generative ai course,new
top data analytics and generative ai course online,new
top data science and generative ai course in us,new
top generative ai and machine learning course,new
top generative ai and machine learning course in us,new
top generative ai courses,new
top generative ai courses 2024,new
top generative ai courses 2025,new
top generative ai courses for beginners,new
top generative ai courses in the us 2025,new
top generative ai courses online,new
top generative ai courses online 2025,new
top online courses for careers in generative ai 2025,new
top online generative ai courses 2025,new
trendytech generative ai course,new
trust insights releases generative ai for marketers course,new
tts openai,existing searches
turbolearn ai,existing searches
tutor me ai,existing searches
udacity generative ai course,new
udacity generative ai course free download,new
udacity generative ai course reviews,new
udemy ai generative course buy,new
udemy ai generative course buy bring your laptop,new
udemy course on generative ai,new
udemy courses on generative ai,new
udemy generative ai course,new
udemy generative ai courses,new
udemy machine learning,existing searches
understanding the world through data mit,existing searches
university course ai generator,new
university mit,existing searches
university of maryland ai course,existing searches
university of michigan generative ai course,new
university of texas generative ai courses 2025 online,new
university of washington machine learning coursera,existing searches
upgrad generative ai course cost,new
upgrad generative ai course review,new
using ai to enhance business operations,existing searches
v0 ai,existing searches
vaibhav sisinty generative ai course,new
vilas dhar ethics in the age of generative ai course,new
vizologi,existing searches
watch enhancing excel with generative ai tools course,new
watch ethics in the age of generative ai course,new
watch generative ai in hr course,new
watch introduction to generative ai with gpt course,new
watch introduction to prompt engineering for generative ai course,new
watch leveraging generative ai for project management course,new
what are the most popular generative ai courses,new
what is generative ai,existing searches
what is generative ai course,new
what is mit school,existing searches
what to study to become artificial intelligence engineer,existing
whats a good introductory course to generative ai,new
whats the top course of generative ai fundamentals specialization 2024,new
which generative ai course is best,new
with mit app inventor,existing searches
wsq generative ai course,new
www ai studio google com,existing searches
www elements of ai com,existing searches
www mindluster com,existing searches
xpro mit,existing searches
you learn ai,existing searches
youlearn ai,existing searches
youtube generative ai course,new
youtube video create ai,existing searches
yuva ai for all,existing searches
